{
  "top": {
    "wpurl": "http://wordpress.local/wp-json/wp/v2/posts?_embed",
    "header": {
      "nav": [
        { "label": "home", "url": "/" },
        { "label": "archive", "url": "/archive" },
        { "label": "about", "url": "/about" }
      ]
    },
    "hero": {
      "title": "つまずきを、武器にする。",
      "subtitle": "HTML. CSS. Javajscfipt php",
      "buttontext": "学習してみる",
      "buttonlink": "http://wordpress.local/archive",
      "imageUrl": "/assets/hero.png"
    },
    "categories": {
      "title": "学習カテゴリ"
    },
    "news": {
      "title": "新着記事",
      "noimg": "/assets/noimg.png",
      "linkLabel": "続きを読む"
    },
    "profile": {
      "title": "自己紹介 / このサイトについて",
      "imageUrl": "/assets/profile.png",
      "content": "フリーランスのWebエンジニア。独学で何度もつまずいた経験をもとに、初心者にも“ちゃんとわかる”学習コンテンツを発信しています。"
    }
  },
  "about": {
    "hero": {
      "title": "私について",
      "intro": "Web制作 × 文章制作 × AI活用"
    },
    "description": {
      "title": "自己紹介",
      "descriptionText01": "北海道札幌市を拠点に活動している、Webコーダー／ライターの安崎海星（YasuzakiKaisei）です。<br>フロントエンドの実装から、WordPressテーマの開発、小説・技術記事の執筆まで──「構造」と「言語」を軸に、多領域での表現と設計を行っています。",
      "descriptionText02": "単なる実装ではなく、クライアントの意図や読者の理解までを視野に入れた「設計としてのコーディング」「構造としてのライティング」を重視。<br>自身の制作物には、意味のある余白と、静かな文脈を宿すよう心がけています。"
    },
    "skill": {
      "title": "スキルセット",
      "skillSet": [
        "HTML / CSS / SCSS（レスポンシブ / カラム設計）",
        "JavaScript / React / Next.js（SPA / API連携）",
        "PHP / WordPressテーマ開発（自作 / カスタム投稿 / フィールド）",
        "Figma / XD / Photoshop（デザインカンプからの実装）",
        "SEO設計 / ページ構造の最適化",
        "執筆（小説 / 技術記事 / 構造ライティング）",
        "AI活用（ChatGPTとの共同制作 / コンテンツ設計支援）"
      ]
    },
    "link": {
      "title": "運営中のサイト・SNS",
      "linkItem": [
        {
          "linkLabel": "💼 事業用サイト：",
          "linkUrl": "https://example-business-site.com"
        },
        {
          "linkLabel": "🖼️ ポートフォリオ：",
          "linkUrl": "https://example-portfolio-site.com"
        },
        {
          "linkLabel": "🐦 Twitter（X）：",
          "linkUrl": "https://twitter.com/uthuyomi"
        }
      ]
    },
    "contact": {
      "title" : "お問い合わせ",
      "text01": "Web制作のご依頼、文章案件、構造設計に関するご相談など、お気軽にご連絡ください。内容を確認の上、通常1〜2営業日以内にお返事いたします。",
      "text02": "内容を確認の上、通常1〜2営業日以内にお返事いたします。",
      "linkLabel": "お問い合わせフォームへ",
      "linkUrl" : "https://webyayasu.com/#contact"
    }
  },
  "archive": {
    "categoryLabel": "カテゴリ別記事一覧",
    "blogLabel": "ブログ一覧",
    "noimg": "/assets/noimg.png"
  }
}
