{
  "top": {
    "wpurl": "https://webyayasu.sakura.ne.jp/uthuyomizyuku/wp-json/wp/v2/posts",
    "header": {
      "nav": [
        { "label": "home", "url": "/" },
        { "label": "archive", "url": "/archive" },
        { "label": "about", "url": "/about" },
        { "label": "us", "url": "https://webyayasu.com" }
      ]
    },
    "hero": {
      "title": "つまずきを、武器にする。",
      "subtitle": "HTML. CSS. Javascript. PHP\n基礎学習ブログ",
      "buttontext": "学習してみる",
      "buttonlink": "/#category",
      "imageUrl": "/assets/hero.png"
    },
    "categories": {
      "title": "学習カテゴリ",
      "noDescription": "説明文なし",
      "more": "記事一覧を見る"
    },
    "news": {
      "title": "新着記事",
      "noimg": "/assets/noimg.jpg",
      "linkLabel": "続きを読む"
    },
    "profile": {
      "title": "自己紹介 / このサイトについて",
      "imageUrl": "/assets/profile.png",
      "content": "フリーランスのWebエンジニア。独学で何度もつまずいた経験をもとに、初心者にも“ちゃんとわかる”学習コンテンツを発信しています。",
      "aboutText": "about",
      "aboutLink": "/About"
    },
    "footer": {
      "copyData": "@ 2025",
      "copyName": "Kaisei Yasuzaki",
      "copyPenName": "uthuyomi"
    }
  },
  "about": {
    "hero": {
      "imgUrl": "/assets/profile.png",
      "title": "私について",
      "intro": "Web制作 × 文章制作 × AI活用"
    },
    "description": {
      "title": "自己紹介",
      "descriptionText01": "北海道札幌市を拠点に活動している、Webコーダー兼ライターの安崎海星（Yasuzaki Kaisei）です。ホームページの見た目づくりや動きの実装、WordPressのカスタマイズ、小説や技術に関する記事の執筆など、幅広く取り組んでいます。",
      "descriptionText02": "ただ作るだけでなく、「誰が、どう感じるか」「どうすれば伝わるか」を大切にしながら、文章やコードを丁寧に設計しています。自分の作品には、必要な“間”や“余白”がちゃんと息づくように心がけています。"
    },
    "skill": {
      "title": "スキルセット",
      "skillSet": [
        "HTML / CSS / SCSS（レスポンシブ / カラム設計）",
        "JavaScript / React / Next.js（SPA / API連携）",
        "PHP / WordPressテーマ開発（自作 / カスタム投稿 / フィールド）",
        "Figma / XD / Photoshop（デザインカンプからの実装）",
        "SEO設計 / ページ構造の最適化",
        "執筆（小説 / 技術記事 / 構造ライティング）",
        "AI活用（ChatGPTとの共同制作 / コンテンツ設計支援）"
      ]
    },
    "link": {
      "title": "運営中のサイト・SNS",
      "linkItem": [
        {
          "linkLabel": "💼 事業用サイト：",
          "linkUrl": "https://webyayasu.com/"
        },
        {
          "linkLabel": "🖼️ ポートフォリオ：",
          "linkUrl": "https://uthuyomi.com"
        },
        {
          "linkLabel": "🐦 Twitter（X）：",
          "linkUrl": "https://twitter.com/uthuyomi"
        }
      ]
    },
    "contact": {
      "title": "お問い合わせ",
      "text01": "Web制作のご依頼、文章案件、構造設計に関するご相談など、お気軽にご連絡ください。内容を確認の上、通常1〜2営業日以内にお返事いたします。",
      "text02": "内容を確認の上、通常1〜2営業日以内にお返事いたします。",
      "linkLabel": "お問い合わせフォームへ",
      "linkUrl": "https://webyayasu.com/#contact"
    }
  },
  "archive": {
    "categoryLabel": "カテゴリ別記事一覧",
    "blogLabel": "ブログ一覧",
    "noimg": "/assets/noimg.jpg"
  }
}
